date,post_volume,avg_score,reddit_composite
2010-01-01,0.056614229175284095,0.9654749521210639,0.511044590648174
2010-02-01,0.0,0.8430811592933868,0.4215405796466934
2010-03-01,0.09013534598815617,0.7711762918803764,0.4306558189342663
2010-04-01,0.10490140917085133,0.936887037553037,0.5208942233619442
2010-05-01,0.0,0.8597571743265869,0.42987858716329347
2010-06-01,0.0,0.9800790244896308,0.4900395122448154
2010-07-01,0.06497919070300226,0.828264143822989,0.4466216672629956
2010-08-01,0.04112646577664387,0.6703435925556912,0.35573502916616756
2010-09-01,0.06254994735859766,0.6522813439518343,0.357415645655216
2010-10-01,0.01481702937819474,0.9841684702832961,0.49949274983074543
2010-11-01,0.12350169895753474,0.9900531584339323,0.5567774286957335
2010-12-01,0.12050377954224382,0.7773094525086349,0.44890661602543935
2011-01-01,0.08035104498066228,0.7526108711049971,0.4164809580428297
2011-02-01,0.1481617231682771,0.9545489255945487,0.5513553243814129
2011-03-01,0.11117726734396183,0.6681917271733698,0.38968449725866583
2011-04-01,0.03357222779022181,0.6895205124509441,0.361546370120583
2011-05-01,0.1115420253957519,0.8575368901219692,0.48453945775886054
2011-06-01,0.033886347589737825,0.7405301658635927,0.38720825672666526
2011-07-01,0.14895825391533743,0.7814615449180758,0.46520989941670665
2011-08-01,0.09561495840570991,0.7617804463841555,0.4286977023949327
2011-09-01,0.0905874154756275,0.8150526628732084,0.452820039174418
2011-10-01,0.0635691634799494,0.9312703965169346,0.497419779998442
2011-11-01,0.1826684786719248,0.7833972434682869,0.48303286107010585
2011-12-01,0.10200235566387907,0.842460289472352,0.4722313225681155
2012-01-01,0.08851895138002618,0.5422036102200581,0.31536128080004217
2012-02-01,0.09634801124665487,0.7614934368030897,0.42892072402487225
2012-03-01,0.1533945855471521,0.6714202225601673,0.4124074040536597
2012-04-01,0.14642277698781733,0.6276999301988371,0.3870613535933272
2012-05-01,0.1524916505098819,0.6632292769048452,0.40786046370736356
2012-06-01,0.15678240857128936,0.7212605512518194,0.4390214799115544
2012-07-01,0.2641508349262287,0.8574077362009713,0.5607792855636
2012-08-01,0.11217829045539505,0.6071427521680935,0.3596605213117443
2012-09-01,0.10892329629956694,0.7551288872597807,0.4320260917796738
2012-10-01,0.09375119925436792,0.6960046334442958,0.39487791634933184
2012-11-01,0.18400386694840698,0.7111568891767736,0.44758037806259027
2012-12-01,0.21843135820427564,0.8562005769929375,0.5373159675986066
2013-01-01,0.14593423586025642,0.8026261761171101,0.47428020598868326
2013-02-01,0.10490171751570927,0.8889003141853715,0.4969010158505404
2013-03-01,0.10904553033346671,0.7216633154478875,0.41535442289067714
2013-04-01,0.2020580287446775,0.6595918880119671,0.4308249583783223
2013-05-01,0.2108898375724243,0.7096627050152584,0.46027627129384135
2013-06-01,0.20189422888159198,0.7590997197795231,0.4804969743305575
2013-07-01,0.13148307906223625,0.7496420669561819,0.44056257300920904
2013-08-01,0.18933517764769056,0.6079579685622464,0.3986465731049685
2013-09-01,0.18549268989592838,0.7357902965507611,0.46064149322334474
2013-10-01,0.19489333456659394,0.7488670735421586,0.4718802040543763
2013-11-01,0.23783060419272822,1.0,0.6189153020963641
2013-12-01,0.20157070435877192,0.9269532973761797,0.5642620008674758
2014-01-01,0.2324861406274364,0.622715891343339,0.4276010159853877
2014-02-01,0.19844879626366108,0.6831626904182296,0.44080574334094536
2014-03-01,0.21512856479177486,0.5508727654426554,0.38300066511721514
2014-04-01,0.23915388991617254,0.6452741252985318,0.4422140076073522
2014-05-01,0.11516937719198257,0.7433906568019716,0.4292800169969771
2014-06-01,0.18762469312700403,0.839729833674507,0.5136772634007556
2014-07-01,0.18163715654456755,0.6234728307086698,0.4025549936266187
2014-08-01,0.17456547732867184,0.6296008973096971,0.40208318731918447
2014-09-01,0.19990409020315136,0.46222682969669304,0.3310654599499222
2014-10-01,0.3108809125390458,0.679654415008529,0.4952676637737874
2014-11-01,0.17031322443621696,0.5779371654951051,0.37412519496566105
2014-12-01,0.2851888429732534,0.6347453628958261,0.45996710293453974
2015-01-01,0.1269390053822239,0.5941410275428054,0.36054001646251466
2015-02-01,0.21221252517853487,0.6785690945538402,0.4453908098661875
2015-03-01,0.24570500214585617,0.4923494022441453,0.36902720219500074
2015-04-01,0.2746810394727209,0.5223489218819702,0.3985149806773456
2015-05-01,0.28548233602342465,0.9181016286612449,0.6017919823423348
2015-06-01,0.29367227733893847,0.5378965445238193,0.41578441093137886
2015-07-01,0.22731616323276024,0.5568263358978912,0.39207124956532574
2015-08-01,0.2235862559872018,0.8792655994663029,0.5514259277267524
2015-09-01,0.30717562519227265,0.995289295964591,0.6512324605784319
2015-10-01,0.24646999702810277,0.5420616736881138,0.3942658353581083
2015-11-01,0.18362687891349205,0.628782269459136,0.406204574186314
2015-12-01,0.19548741882215787,0.7051559864257594,0.45032170262395865
2016-01-01,0.21169797434033577,0.856474551650744,0.5340862629955399
2016-02-01,0.3011505478868976,0.5538451936798937,0.42749787078339563
2016-03-01,0.2827385828996574,0.6337346640545004,0.45823662347707894
2016-04-01,0.3193014301068639,0.744719728446101,0.5320105792764824
2016-05-01,0.25442713027065483,0.7046520106092239,0.47953957043993933
2016-06-01,0.29328767520864957,0.6127630610954848,0.4530253681520672
2016-07-01,0.3249175622874949,0.6374128313154396,0.48116519680146724
2016-08-01,0.27117475794593743,0.49792933001469775,0.3845520439803176
2016-09-01,0.32101629103382223,0.6215398638610903,0.47127807744745626
2016-10-01,0.25608333938443517,0.6162546456011813,0.4361689924928082
2016-11-01,0.27747215153300975,0.6692546648823979,0.47336340820770384
2016-12-01,0.2795236872272607,0.5799576073575656,0.4297406472924131
2017-01-01,0.23313902531487757,0.6914129535498741,0.4622759894323758
2017-02-01,0.33880153731847185,0.7491287056911115,0.5439651215047916
2017-03-01,0.28375329340706373,0.6521097163967315,0.4679315049018976
2017-04-01,0.31628719855013454,0.6716690934229571,0.4939781459865458
2017-05-01,0.34799027035701513,0.6364665389566635,0.4922284046568393
2017-06-01,0.34909603419795465,0.6284309643680884,0.48876349928302154
2017-07-01,0.3656122172044811,0.5464204789150867,0.4560163480597839
2017-08-01,0.322286333450337,0.6591135750841081,0.49069995426722257
2017-09-01,0.30569645092046255,0.611166810403949,0.4584316306622058
2017-10-01,0.3298077142198099,0.8513689075751087,0.5905883108974593
2017-11-01,0.23510275022901497,0.7916900417014248,0.5133963959652199
2017-12-01,0.2529201188263846,0.6581332495550913,0.45552668419073794
2018-01-01,0.26368540335025714,0.5288479093785597,0.39626665636440844
2018-02-01,0.2866928211179993,0.48802970466238704,0.3873612628901932
2018-03-01,0.37495236010796923,0.7407458367442429,0.5578490984261061
2018-04-01,0.29865949718194584,0.635859099876878,0.46725929852941195
2018-05-01,0.3339592122095812,0.6577494717565698,0.49585434198307554
2018-06-01,0.4392916009031576,0.40942808493304017,0.4243598429180989
2018-07-01,0.34167127105782863,0.7029140370815614,0.522292654069695
2018-08-01,0.41146520907306056,0.6484128905120417,0.5299390497925511
2018-09-01,0.312892436786314,0.473104555349073,0.3929984960676935
2018-10-01,0.360423549203329,0.5416336063231005,0.45102857776321476
2018-11-01,0.3182720737799399,0.6208218871399178,0.4695469804599288
2018-12-01,0.35866694402277227,0.595284353054435,0.47697564853860364
2019-01-01,0.43367107803879246,0.5549879867186419,0.4943295323787172
2019-02-01,0.2805070842254676,0.5737015659512013,0.4271043250883344
2019-03-01,0.41533369703085554,0.5551083324533825,0.48522101474211904
2019-04-01,0.4065458503824085,0.5977056712698845,0.5021257608261465
2019-05-01,0.35907826064688986,0.741476766067649,0.5502775133572695
2019-06-01,0.31039142969532657,0.2925071850481047,0.3014493073717156
2019-07-01,0.4060292746949537,0.5481281956610239,0.4770787351779888
2019-08-01,0.3725833501048326,0.5917017435191332,0.4821425468119829
2019-09-01,0.422184177768461,0.6027584545356216,0.5124713161520413
2019-10-01,0.4125355314694963,0.526693417469097,0.46961447446929666
2019-11-01,0.5119329369781991,0.3713062518443105,0.44161959441125476
2019-12-01,0.40300810051257685,0.5998088779715431,0.50140848924206
2020-01-01,0.35844781712783524,0.7524787254004817,0.5554632712641585
2020-02-01,0.434878815068986,0.38947449063041567,0.41217665284970084
2020-03-01,0.4405477670910248,0.6526063045751622,0.5465770358330935
2020-04-01,0.5131069857820251,0.5185134439729049,0.515810214877465
2020-05-01,0.48438314357524304,0.5459147391811185,0.5151489413781808
2020-06-01,0.45845044927351275,0.4340373253476737,0.4462438873105932
2020-07-01,0.5290148364986578,0.5113667856817027,0.5201908110901803
2020-08-01,0.3707091091801918,0.6900546548519497,0.5303818820160707
2020-09-01,0.4073299216419606,0.6085147559816264,0.5079223388117935
2020-10-01,0.3930533074162328,0.7335564212140717,0.5633048643151523
2020-11-01,0.4289284490143553,0.6699953875225411,0.5494619182684481
2020-12-01,0.37202284411188996,0.5861390150291514,0.47908092957052073
2021-01-01,0.4977210157243637,0.7283520324063786,0.6130365240653711
2021-02-01,0.44870135346387535,0.5818017199487595,0.5152515367063174
2021-03-01,0.37585933659156767,0.6226790773017354,0.49926920694665156
2021-04-01,0.4067692436203655,0.4960873787944888,0.4514283112074271
2021-05-01,0.49089236459918617,0.5341014055716629,0.5124968850854246
2021-06-01,0.5260274354855936,0.4474075737538607,0.4867175046197272
2021-07-01,0.599768816516293,0.6319051433510371,0.615836979933665
2021-08-01,0.6588059462468409,0.3898730908459405,0.5243395185463907
2021-09-01,0.5097934357672829,0.6046485808475487,0.5572210083074158
2021-10-01,0.4274906799275361,0.4948261733807934,0.46115842665416473
2021-11-01,0.3611080249559905,0.64335159161469,0.5022298082853403
2021-12-01,0.5104282521225887,0.5946748667055789,0.5525515594140837
2022-01-01,0.7522824354359703,0.4895857464767003,0.6209340909563352
2022-02-01,0.7796822042808992,0.36683210709453623,0.5732571556877177
2022-03-01,0.7708912217314784,0.10987084807026504,0.4403810349008717
2022-04-01,0.8027802257238233,0.27423958135222826,0.5385099035380259
2022-05-01,0.8794546774057379,0.14980604974372874,0.5146303635747334
2022-06-01,0.8272954390404897,0.21997504081281072,0.5236352399266502
2022-07-01,0.8112614839643377,0.44236900043994826,0.626815242202143
2022-08-01,0.7610455417297565,0.3435345132226703,0.5522900274762134
2022-09-01,0.7253217552962515,0.1934963139092564,0.45940903460275395
2022-10-01,0.8008759952484038,0.15650285321797314,0.4786894242331885
2022-11-01,0.8304034946050911,0.2701305962234568,0.550267045414274
2022-12-01,0.9445242093680329,0.1297321171899197,0.5371281632789763
2023-01-01,0.8479900390109479,0.18791729443680633,0.5179536667238771
2023-02-01,0.9030893591329462,0.29453563100924723,0.5988124950710967
2023-03-01,0.816031536508055,0.38568040427388994,0.6008559703909725
2023-04-01,0.7774689322786674,0.32304317281055656,0.550256052544612
2023-05-01,0.7940443695244538,0.0,0.3970221847622269
2023-06-01,0.8118415661283548,0.28503609553730547,0.5484388308328301
2023-07-01,0.988803915370871,0.2571658347322248,0.6229848750515479
2023-08-01,0.8123645234547584,0.29282751638873467,0.5525960199217466
2023-09-01,0.9166303549312002,0.4236961475084295,0.6701632512198148
2023-10-01,0.8137777587011509,0.014415639797516065,0.41409669924933346
2023-11-01,0.9286771697987491,0.17513833303287316,0.5519077514158112
2023-12-01,0.8985804277689916,0.30375977819739414,0.6011701029831928
2024-01-01,0.8687901765871477,0.061217296441743396,0.4650037365144456
2024-02-01,0.8790355789407862,0.3973594690458111,0.6381975239932987
2024-03-01,0.8448343884622591,0.27264507132242394,0.5587397298923416
2024-04-01,0.9150594780441886,0.3233956520906242,0.6192275650674064
2024-05-01,0.8633798400137429,0.1643880925475957,0.5138839662806693
2024-06-01,0.8196428185811068,0.3154372627591294,0.5675400406701181
2024-07-01,0.8196454060372933,0.34145625340647423,0.5805508297218838
2024-08-01,0.9111630464053673,0.24683750765753862,0.579000277031453
2024-09-01,1.0,0.2448425340486139,0.622421267024307
2024-10-01,0.9167745722122306,0.24665594537505217,0.5817152587936414
2024-11-01,0.902996952309054,0.11905411611432369,0.5110255342116888
2024-12-01,0.9308157105488324,0.19609304669195893,0.5634543786203956
