month,ipc_level,inflation_mom,inflation_yoy,publication_date,trends_prix_alim,trends_inflation,trends_carburant,trends_subvention,trends_composite,fao_food_index,fao_food_yoy,fao_cereals_index,fao_cereals_yoy,fao_oils_index,fao_oils_yoy,mad_eur,fx_yoy,behavioral_index_pure,hybrid_macro_index,behavioral_index_pure_lag1,behavioral_index_pure_lag2,hybrid_macro_index_lag1,hybrid_macro_index_lag2,trends_prix_alim_lag1,trends_inflation_lag1,trends_carburant_lag1,trends_composite_lag1,fao_food_index_lag1,fao_food_yoy_lag1,fao_oils_yoy_lag1,mad_eur_lag1,fx_yoy_lag1,ipc_level_lag1,ipc_level_lag2,ipc_level_lag3,inflation_yoy_lag1,inflation_yoy_lag2,inflation_mom_lag1,inflation_mom_lag2,target_inflation_yoy_t1,target_high_inflation_regime_t1,target_ipc_level_t1,as_of_date,feature_available_at,split_label,score_lexical_norm,coverage_flag,n_texts,coverage_flag_nlp,n_texts_nlp,besi_v2a_fixed,besi_v2c_nlp_only,besi_v2b_lasso
2017-01-01,98.6,,,2017-02-20,0.3566436128089835,0.3028633375086538,,,0.3297534751588186,97.8,15.194346289752648,88.7,1.255707762557079,112.19,31.539453628795865,10.6773,-0.8644981945905461,0.3139468902098105,0.4561059395520889,,,,,,,,,,,,,,,,,,,,,,,98.8,2017-01-31,2017-02-01,train_A|train_B,0.7465437788018433,1,31,1,31,0.44372595678742033,0.7465437788018433,0.3139468902098105
2017-02-01,98.8,0.202839756592299,,2017-03-20,0.4026655337958053,0.4677734808980294,,,0.4352195073469173,98.1,13.937282229965152,90.0,3.0927835051546504,107.97,17.167661421595227,10.690985,-1.5572140219703323,0.4251598077245712,0.3741513078591894,0.3139468902098105,,0.4561059395520889,,0.3566436128089835,0.3028633375086538,,0.3297534751588186,97.8,15.194346289752648,31.539453628795865,10.6773,-0.8644981945905461,98.6,,,,,,,,,98.1,2017-02-28,2017-03-01,train_A|train_B,0.6632653061224489,1,28,1,28,0.4965914572439345,0.6632653061224489,0.4251598077245712
2017-03-01,98.1,-0.7085020242915019,,2017-04-20,0.5032357929230034,0.4569126315284399,,,0.4800742122257216,96.2,10.068649885583516,87.9,1.6184971098266,101.59,4.366139305527028,10.7131043478261,-1.3745989649122323,0.4724586630085033,0.3024483501377069,0.4251598077245712,0.3139468902098105,0.3741513078591894,0.4561059395520889,0.4026655337958053,0.4677734808980294,,0.4352195073469173,98.1,13.937282229965152,17.167661421595227,10.690985,-1.5572140219703323,98.8,98.6,,,,0.202839756592299,,,,98.4,2017-03-31,2017-04-01,train_A|train_B,0.6277056277056277,1,33,1,33,0.5190327524176406,0.6277056277056277,0.4724586630085033
2017-04-01,98.4,0.3058103975535298,,2017-05-20,0.4851944032247689,0.5049519371087146,,,0.4950731701667417,95.0,6.621773288439958,86.9,-1.6968325791855254,97.58,-3.548482751803894,10.7374777777778,-1.9662938852870404,0.4882749200316841,0.2546588343313466,0.4724586630085033,0.4251598077245712,0.3024483501377069,0.3741513078591894,0.5032357929230034,0.4569126315284399,,0.4800742122257216,96.2,10.068649885583516,4.366139305527028,10.7131043478261,-1.3745989649122323,98.1,98.8,98.6,,,-0.7085020242915019,0.202839756592299,,,99.5,2017-04-30,2017-05-01,train_A|train_B,0.3258928571428571,1,32,1,32,0.43956030116503597,0.3258928571428571,0.4882749200316841
2017-05-01,99.5,1.117886178861793,,2017-06-20,0.5070828877986454,0.5197648674438996,,,0.5134238776212725,97.3,7.395143487858724,88.3,-3.073545554335888,101.96,2.4106066693451167,10.8747,-0.6145245130599553,0.5076255647097584,0.2919544340945568,0.4882749200316841,0.4724586630085033,0.2546588343313466,0.3024483501377069,0.4851944032247689,0.5049519371087146,,0.4950731701667417,95.0,6.621773288439958,-3.548482751803894,10.7374777777778,-1.9662938852870404,98.4,98.1,98.8,,,0.3058103975535298,-0.7085020242915019,,,100.5,2017-05-31,2017-06-01,train_A|train_B,0.3290043290043289,1,33,1,33,0.45403919399812953,0.3290043290043289,0.5076255647097584
2017-06-01,100.5,1.005025125628145,,2017-07-20,0.4402809710345137,0.4761371549243931,,,0.4582090629794534,97.8,4.264392324093813,92.4,-1.806588735387871,97.47,-0.469723271724709,10.9466954545455,0.2885467471553493,0.4494020732314626,0.2794485321683268,0.5076255647097584,0.4882749200316841,0.2919544340945568,0.2546588343313466,0.5070828877986454,0.5197648674438996,,0.5134238776212725,97.3,7.395143487858724,2.4106066693451167,10.8747,-0.6145245130599553,99.5,98.4,98.1,,,1.117886178861793,0.3058103975535298,,,99.3,2017-06-30,2017-07-01,train_A|train_B,0.0,1,23,1,23,0.3145814512620238,0.0,0.4494020732314626
2017-07-01,99.3,-1.19402985074627,,2017-08-20,0.3430730738925899,0.4316097827462355,,,0.3873414283194127,100.0,7.526881720430101,96.9,7.190265486725656,96.66,1.8545837723919825,11.0476333333333,1.6802196289899871,0.3746728334525655,0.3012024761957644,0.4494020732314626,0.5076255647097584,0.2794485321683268,0.2919544340945568,0.4402809710345137,0.4761371549243931,,0.4582090629794534,97.8,4.264392324093813,-0.469723271724709,10.9466954545455,0.2885467471553493,100.5,99.5,98.4,,,1.005025125628145,1.117886178861793,,,99.7,2017-07-31,2017-08-01,train_A|train_B,0.5714285714285714,1,46,1,46,0.43369955484536726,0.5714285714285714,0.3746728334525655
2017-08-01,99.7,0.4028197381671816,,2017-09-20,0.3308671004363533,0.3276650123754536,,,0.3292660564059034,99.2,4.092339979013637,92.3,3.3594624860022293,99.16,-3.154604941888861,11.1447347826087,2.1439034575982063,0.313432911818489,0.2730038500474674,0.3746728334525655,0.4494020732314626,0.3012024761957644,0.2794485321683268,0.3430730738925899,0.4316097827462355,,0.3873414283194127,100.0,7.526881720430101,1.8545837723919825,11.0476333333333,1.6802196289899871,99.3,100.5,99.5,,,-1.19402985074627,1.005025125628145,,,101.4,2017-08-31,2017-09-01,train_A|train_B,0.7366071428571428,1,32,1,32,0.44038518113008507,0.7366071428571428,0.313432911818489
2017-09-01,101.4,1.705115346038122,,2017-10-20,0.3253758888883989,0.2664672304448158,,,0.2959215596666074,99.7,3.746097814776284,92.1,6.720741599072988,103.83,-0.4697085889570518,11.157180952381,2.310777462592317,0.2782714604155888,0.2901081193178732,0.313432911818489,0.3746728334525655,0.2730038500474674,0.3012024761957644,0.3308671004363533,0.3276650123754536,,0.3292660564059034,99.2,4.092339979013637,-3.154604941888861,11.1447347826087,2.1439034575982063,99.7,99.3,100.5,,,0.4028197381671816,-1.19402985074627,,,101.0,2017-09-30,2017-10-01,train_A|train_B,0.7744360902255638,1,19,1,19,0.4271208493585813,0.7744360902255638,0.2782714604155888
2017-10-01,101.0,-0.3944773175542426,,2017-11-20,0.3828854152548988,0.2737422274579729,,,0.3283138213564358,98.8,3.023983315954104,91.8,5.882352941176472,102.68,0.8149239077074322,11.1047363636364,2.4877795067757225,0.3124287891088925,0.2975184414841914,0.2782714604155888,0.313432911818489,0.2901081193178732,0.2730038500474674,0.3253758888883989,0.2664672304448158,,0.2959215596666074,99.7,3.746097814776284,-0.4697085889570518,11.157180952381,2.310777462592317,101.4,99.7,99.3,,,1.705115346038122,0.4028197381671816,,,102.1,2017-10-31,2017-11-01,train_A|train_B,0.3586626139817628,1,47,1,47,0.3262989365707536,0.3586626139817628,0.3124287891088925
2017-11-01,102.1,1.08910891089109,,2017-12-20,0.3239147606294134,0.1954456131385865,,,0.2596801868839999,98.8,2.9166666666666563,92.1,7.093023255813957,103.85,-2.1759608138658626,11.1058090909091,3.329425616353965,0.2400552810612218,0.2841611856198688,0.3124287891088925,0.2782714604155888,0.2975184414841914,0.2901081193178732,0.3828854152548988,0.2737422274579729,,0.3283138213564358,98.8,3.023983315954104,0.8149239077074322,11.1047363636364,2.4877795067757225,101.0,101.4,99.7,,,-0.3944773175542426,1.705115346038122,,,102.7,2017-11-30,2017-12-01,train_A|train_B,0.246031746031746,1,27,1,27,0.24184822055237903,0.246031746031746,0.2400552810612218
2017-12-01,102.7,0.587659157688547,,2018-01-20,0.3381970245438403,0.2569332862606874,,,0.2975651554022638,96.4,1.154249737670532,92.4,7.317073170731714,97.96,-11.155450752766194,11.1635263157895,4.787593516976307,0.2800046163254572,0.2389188175218788,0.2400552810612218,0.3124287891088925,0.2841611856198688,0.2975184414841914,0.3239147606294134,0.1954456131385865,,0.2596801868839999,98.8,2.9166666666666563,-2.1759608138658626,11.1058090909091,3.329425616353965,102.1,101.0,101.4,,,1.08910891089109,-0.3944773175542426,3.752535496957399,1.0,102.3,2017-12-31,2018-01-01,train_A|train_B,0.8571428571428571,1,46,1,46,0.4531460885706772,0.8571428571428571,0.2800046163254572
2018-01-01,102.3,-0.3894839337877376,3.752535496957399,2018-02-20,0.3958343582901653,0.3276196393005529,,,0.3617269987953591,96.7,-1.1247443762781084,95.2,7.328072153325826,98.25,-12.425349852928068,11.2844636363636,5.686490370820341,0.3476626636495938,0.2348477748910503,0.2800046163254572,0.2400552810612218,0.2389188175218788,0.2841611856198688,0.3381970245438403,0.2569332862606874,,0.2975651554022638,96.4,1.154249737670532,-11.155450752766194,11.1635263157895,4.787593516976307,102.7,102.1,101.0,,,0.587659157688547,1.08910891089109,2.327935222672073,1.0,101.1,2018-01-31,2018-02-01,train_A|train_B,0.5107142857142857,1,40,1,40,0.39657815026900134,0.5107142857142857,0.3476626636495938
2018-02-01,101.1,-1.1730205278592365,2.327935222672073,2018-03-20,0.3900084880991621,0.4104612494204803,,,0.4002348687598212,97.8,-0.3058103975535187,98.4,9.33333333333335,95.6,-11.456886172084848,11.347225,6.138255736024334,0.3882688425033587,0.2426951190968102,0.3476626636495938,0.2800046163254572,0.2348477748910503,0.2389188175218788,0.3958343582901653,0.3276196393005529,,0.3617269987953591,96.7,-1.1247443762781084,-12.425349852928068,11.2844636363636,5.686490370820341,102.3,102.7,102.1,3.752535496957399,,-0.3894839337877376,0.587659157688547,3.4658511722732044,1.0,101.5,2018-02-28,2018-03-01,train_A|train_B,0.5459183673469388,1,28,1,28,0.43556369995643274,0.5459183673469388,0.3882688425033587
2018-03-01,101.5,0.3956478733926794,3.4658511722732044,2018-04-20,0.5454661329154468,0.5418912008483949,,,0.5436786668819209,98.8,2.7027027027026973,101.8,15.813424345847537,95.36,-6.1324933556452415,11.3252523809524,5.714011674408037,0.5395289492655553,0.2739835471940058,0.3882688425033587,0.3476626636495938,0.2426951190968102,0.2348477748910503,0.3900084880991621,0.4104612494204803,,0.4002348687598212,97.8,-0.3058103975535187,-11.456886172084848,11.347225,6.138255736024334,101.1,102.3,102.7,2.327935222672073,3.752535496957399,-1.1730205278592365,-0.3894839337877376,4.065040650406493,1.0,102.4,2018-03-31,2018-04-01,train_A|train_B,1.0,1,46,1,46,0.6776702644858887,1.0,0.5395289492655553
2018-04-01,102.4,0.886699507389177,4.065040650406493,2018-05-20,0.5250836772875482,0.4818760263212484,,,0.5034798518043984,98.4,3.57894736842106,104.0,19.67779056386652,94.02,-3.648288583726178,11.303815,5.274397153065946,0.4971396850384316,0.2881450974127295,0.5395289492655553,0.3882688425033587,0.2739835471940058,0.2426951190968102,0.5454661329154468,0.5418912008483949,,0.5436786668819209,98.8,2.7027027027026973,-6.1324933556452415,11.3252523809524,5.714011674408037,101.5,101.1,102.3,3.4658511722732044,2.327935222672073,0.3956478733926794,-1.1730205278592365,4.221105527638192,1.0,103.7,2018-04-30,2018-05-01,train_A|train_B,0.4285714285714285,1,37,1,37,0.4765692080983306,0.4285714285714285,0.4971396850384316
2018-05-01,103.7,1.26953125,4.221105527638192,2018-06-20,0.5285188660421901,0.5002600763381627,,,0.5143894711901764,98.5,1.2332990750256956,105.5,19.47904869762173,92.15,-9.62142016477049,11.1337863636364,2.382469067067583,0.5086437738497379,0.2448665350383166,0.4971396850384316,0.5395289492655553,0.2881450974127295,0.2739835471940058,0.5250836772875482,0.4818760263212484,,0.5034798518043984,98.4,3.57894736842106,-3.648288583726178,11.303815,5.274397153065946,102.4,101.5,101.1,4.065040650406493,3.4658511722732044,0.886699507389177,0.3956478733926794,3.681592039801007,1.0,104.2,2018-05-31,2018-06-01,train_A|train_B,0.6218487394957982,1,34,1,34,0.542605263543556,0.6218487394957982,0.5086437738497379
2018-06-01,104.2,0.4821600771456102,3.681592039801007,2018-07-20,0.3819866510339249,0.5601193455753191,,,0.471052998304622,96.8,-1.0224948875255602,100.8,9.090909090909085,89.33,-8.351287575664312,11.0898904761905,1.3081118611511178,0.4629458796139321,0.243676301182565,0.5086437738497379,0.4971396850384316,0.2448665350383166,0.2881450974127295,0.5285188660421901,0.5002600763381627,,0.5143894711901764,98.5,1.2332990750256956,-9.62142016477049,11.1337863636364,2.382469067067583,103.7,102.4,101.5,4.221105527638192,4.065040650406493,1.26953125,0.886699507389177,2.316213494461228,1.0,101.6,2018-06-30,2018-07-01,train_A|train_B,0.5654761904761904,1,24,1,24,0.4937049728726095,0.5654761904761904,0.4629458796139321
2018-07-01,101.6,-2.49520153550864,2.316213494461228,2018-08-20,0.3816983726011207,0.4022654290523829,,,0.3919819008267518,95.0,-5.000000000000004,98.7,1.8575851393188847,86.9,-10.097248086074895,11.0570636363636,0.0853603911875611,0.3795661671210569,0.2265231652152282,0.4629458796139321,0.5086437738497379,0.243676301182565,0.2448665350383166,0.3819866510339249,0.5601193455753191,,0.471052998304622,96.8,-1.0224948875255602,-8.351287575664312,11.0898904761905,1.3081118611511178,104.2,103.7,102.4,3.681592039801007,4.221105527638192,0.4821600771456102,1.26953125,2.006018054162495,1.0,101.7,2018-07-31,2018-08-01,train_A|train_B,0.6339285714285714,1,32,1,32,0.45587488841331125,0.6339285714285714,0.3795661671210569
2018-08-01,101.7,0.0984251968503935,2.006018054162495,2018-09-20,0.2931053889003487,0.4106377268809753,,,0.351871557890662,95.8,-3.427419354838712,103.5,12.134344528710738,84.43,-14.854780153287606,10.9417608695652,-1.8212538656392163,0.3372701959169416,0.198087461700674,0.3795661671210569,0.4629458796139321,0.2265231652152282,0.243676301182565,0.3816983726011207,0.4022654290523829,,0.3919819008267518,95.0,-5.000000000000004,-10.097248086074895,11.0570636363636,0.0853603911875611,101.6,104.2,103.7,2.316213494461228,3.681592039801007,-2.49520153550864,0.4821600771456102,0.4930966469427922,0.0,101.9,2018-08-31,2018-09-01,train_A|train_B,0.8040816326530612,1,35,1,35,0.47731362693777746,0.8040816326530612,0.3372701959169416
2018-09-01,101.9,0.1966568338249708,0.4930966469427922,2018-10-20,0.2321312404058449,0.2680388458681842,,,0.2500850431370146,94.0,-5.71715145436309,100.3,8.90336590662324,82.33,-20.70692478089185,10.958825,-1.7778321712947576,0.2299372941801701,0.1640228180506852,0.3372701959169416,0.3795661671210569,0.198087461700674,0.2265231652152282,0.2931053889003487,0.4106377268809753,,0.351871557890662,95.8,-3.427419354838712,-14.854780153287606,10.9417608695652,-1.8212538656392163,101.7,101.6,104.2,2.006018054162495,2.316213494461228,0.0984251968503935,-2.49520153550864,-0.1980198019801982,0.0,100.8,2018-09-30,2018-10-01,train_A|train_B,0.6339285714285714,1,32,1,32,0.3511346773546905,0.6339285714285714,0.2299372941801701
2018-10-01,100.8,-1.0794896957801892,-0.1980198019801982,2018-11-20,0.2584328274944975,0.2985674932975437,,,0.2785001603960206,93.2,-5.668016194331981,100.9,9.912854030501103,81.33,-20.792754187767827,10.8892826086957,-1.9401969383643023,0.2599007622877216,0.1634490753503678,0.2299372941801701,0.3372701959169416,0.1640228180506852,0.198087461700674,0.2321312404058449,0.2680388458681842,,0.2500850431370146,94.0,-5.71715145436309,-20.70692478089185,10.958825,-1.7778321712947576,101.9,101.7,101.6,0.4930966469427922,2.006018054162495,0.1966568338249708,0.0984251968503935,0.0,0.0,102.1,2018-10-31,2018-11-01,train_A|train_B,0.5525606469002695,1,53,1,53,0.3476987276714859,0.5525606469002695,0.2599007622877216
2018-11-01,102.1,1.289682539682535,0.0,2018-12-20,0.3055117537734231,0.2724514222924359,,,0.2889815880329295,91.9,-6.983805668016185,99.6,8.143322475570036,76.59,-26.24939817043812,10.8052818181818,-2.706036726070704,0.2709533270143581,0.1295262080672225,0.2599007622877216,0.2299372941801701,0.1634490753503678,0.1640228180506852,0.2584328274944975,0.2985674932975437,,0.2785001603960206,93.2,-5.668016194331981,-20.792754187767827,10.8892826086957,-1.9401969383643023,100.8,101.9,101.7,-0.1980198019801982,0.4930966469427922,-1.0794896957801892,0.1966568338249708,-1.7526777020447917,0.0,100.9,2018-11-30,2018-12-01,train_A|train_B,0.6632653061224489,1,42,1,42,0.3886469207467853,0.6632653061224489,0.2709533270143581
2018-12-01,100.9,-1.175318315377072,-1.7526777020447917,2019-01-20,0.4162267123608258,0.3563563760680976,,,0.3862915442144617,92.0,-4.564315352697101,101.1,9.41558441558441,76.84,-21.559820334830537,10.8503263157895,-2.805565115719888,0.3735657407522757,0.1560126158585721,0.2709533270143581,0.2599007622877216,0.1295262080672225,0.1634490753503678,0.3055117537734231,0.2724514222924359,,0.2889815880329295,91.9,-6.983805668016185,-26.24939817043812,10.8052818181818,-2.706036726070704,102.1,100.8,101.9,0.0,-0.1980198019801982,1.289682539682535,-1.0794896957801892,-2.7370478983382185,0.0,99.5,2018-12-31,2019-01-01,train_A|train_B,0.5970695970695971,1,39,1,39,0.44061689764747214,0.5970695970695971,0.3735657407522757
2019-01-01,99.5,-1.3875123885034757,-2.7370478983382185,2019-02-20,0.4443903301275472,0.4908257083118106,,,0.4676080192196789,93.1,-3.722854188210967,101.8,6.932773109243695,80.26,-18.310432569974544,10.8823772727273,-3.563185425495974,0.4593131822718101,0.1705276678548648,0.3735657407522757,0.2709533270143581,0.1560126158585721,0.1295262080672225,0.4162267123608258,0.3563563760680976,,0.3862915442144617,92.0,-4.564315352697101,-21.559820334830537,10.8503263157895,-2.805565115719888,100.9,102.1,100.8,-1.7526777020447917,0.0,-1.175318315377072,1.289682539682535,-1.879327398615227,0.0,99.2,2019-01-31,2019-02-01,train_A|train_B,0.4942857142857142,1,50,1,50,0.4698049418759813,0.4942857142857142,0.4593131822718101
2019-02-01,99.2,-0.3015075376884391,-1.879327398615227,2019-03-20,0.4505830456647059,0.3987461053337193,,,0.4246645754992126,93.8,-4.089979550102251,100.7,2.3373983739837456,81.78,-14.456066945606691,10.82576,-4.595528862783627,0.4140297335139556,0.1865514762482465,0.4593131822718101,0.3735657407522757,0.1705276678548648,0.1560126158585721,0.4443903301275472,0.4908257083118106,,0.4676080192196789,93.1,-3.722854188210967,-18.310432569974544,10.8823772727273,-3.563185425495974,99.5,100.9,102.1,-2.7370478983382185,-1.7526777020447917,-1.3875123885034757,-1.175318315377072,-2.6600985221674867,0.0,98.8,2019-02-28,2019-03-01,train_A|train_B,0.6632653061224489,1,28,1,28,0.4888004052965036,0.6632653061224489,0.4140297335139556
2019-03-01,98.8,-0.4032258064516236,-2.6600985221674867,2019-04-20,0.5346612429930832,0.5764126678503161,,,0.5555369554216996,93.0,-5.870445344129549,97.5,-4.223968565815317,78.41,-17.774748322147648,10.8639476190476,-4.07324045758709,0.5520334005839529,0.1667839801794151,0.4140297335139556,0.4593131822718101,0.1865514762482465,0.1705276678548648,0.4505830456647059,0.3987461053337193,,0.4246645754992126,93.8,-4.089979550102251,-14.456066945606691,10.82576,-4.595528862783627,99.2,99.5,100.9,-1.879327398615227,-2.7370478983382185,-0.3015075376884391,-1.3875123885034757,-2.34375,0.0,100.0,2019-03-31,2019-04-01,train_A|train_B,0.5198412698412698,1,36,1,36,0.542375761361148,0.5198412698412698,0.5520334005839529
2019-04-01,100.0,1.2145748987854257,-2.34375,2019-05-20,0.5430079284573679,0.5834234609958046,,,0.5632156947265863,93.5,-4.979674796747968,94.6,-9.03846153846154,79.11,-15.858328015315893,10.827345,-4.215125601400949,0.5601305573956233,0.174865376629365,0.5520334005839529,0.4140297335139556,0.1667839801794151,0.1865514762482465,0.5346612429930832,0.5764126678503161,,0.5555369554216996,93.0,-5.870445344129549,-17.774748322147648,10.8639476190476,-4.07324045758709,98.8,99.2,99.5,-2.6600985221674867,-1.879327398615227,-0.4032258064516236,-0.3015075376884391,-1.446480231436842,0.0,102.2,2019-04-30,2019-05-01,train_A|train_B,0.4285714285714285,1,29,1,29,0.5206628187483648,0.4285714285714285,0.5601305573956233
2019-05-01,102.2,2.200000000000002,-1.446480231436842,2019-06-20,0.5736006349303677,0.5196275635167419,,,0.5466140992235549,94.2,-4.365482233502538,94.4,-10.521327014218008,78.5,-14.812805208898538,10.8222545454545,-2.79807612618993,0.542624334463114,0.1848301477342513,0.5601305573956233,0.5520334005839529,0.174865376629365,0.1667839801794151,0.5430079284573679,0.5834234609958046,,0.5632156947265863,93.5,-4.979674796747968,-15.858328015315893,10.827345,-4.215125601400949,100.0,98.8,99.2,-2.34375,-2.6600985221674867,1.2145748987854257,-0.4032258064516236,-1.5355086372360938,0.0,102.6,2019-05-31,2019-06-01,train_A|train_B,0.3464285714285714,1,40,1,40,0.48376560555275117,0.3464285714285714,0.542624334463114
2019-06-01,102.6,0.3913894324853118,-1.5355086372360938,2019-07-20,0.4214475772851681,0.4265606088055769,,,0.4240040930453725,95.4,-1.4462809917355268,99.2,-1.5873015873015817,77.46,-13.28780924661368,10.847505,-2.185643552665295,0.4133332611129853,0.1994532107594224,0.542624334463114,0.5601305573956233,0.1848301477342513,0.174865376629365,0.5736006349303677,0.5196275635167419,,0.5466140992235549,94.2,-4.365482233502538,-14.812805208898538,10.8222545454545,-2.79807612618993,102.2,100.0,98.8,-1.446480231436842,-2.34375,2.200000000000002,1.2145748987854257,-1.2795275590551158,0.0,100.3,2019-06-30,2019-07-01,train_A|train_B,0.4285714285714285,1,25,1,25,0.4179047113505182,0.4285714285714285,0.4133332611129853
2019-07-01,100.3,-2.2417153996101336,-1.2795275590551158,2019-08-20,0.4475579456404881,0.460593412617132,,,0.4540756791288101,95.1,0.1052631578947416,97.6,-1.1144883485309065,78.09,-10.138089758342929,10.7614565217391,-2.673468511588639,0.4450434596788205,0.2156507688794673,0.4133332611129853,0.542624334463114,0.1994532107594224,0.1848301477342513,0.4214475772851681,0.4265606088055769,,0.4240040930453725,95.4,-1.4462809917355268,-13.28780924661368,10.847505,-2.185643552665295,102.6,102.2,100.0,-1.5355086372360938,-1.446480231436842,0.3913894324853118,2.200000000000002,-0.4916420845624381,0.0,101.2,2019-07-31,2019-08-01,train_A|train_B,0.5813953488372092,1,43,1,43,0.4859490264263371,0.5813953488372092,0.4450434596788205
2019-08-01,101.2,0.8973080757726848,-0.4916420845624381,2019-09-20,0.3714977559883888,0.3664584883889193,,,0.368978122188654,93.8,-2.087682672233826,92.6,-10.53140096618358,82.59,-2.1793201468672363,10.6704,-2.480047524343154,0.3553089035914702,0.2566131951227366,0.4450434596788205,0.4133332611129853,0.2156507688794673,0.1994532107594224,0.4475579456404881,0.460593412617132,,0.4540756791288101,95.1,0.1052631578947416,-10.138089758342929,10.7614565217391,-2.673468511588639,100.3,102.6,102.2,-1.2795275590551158,-1.5355086372360938,-2.2417153996101336,0.3913894324853118,-1.6683022571148176,0.0,100.2,2019-08-31,2019-09-01,train_A|train_B,0.5599999999999999,1,25,1,25,0.4167162325140291,0.5599999999999999,0.3553089035914702
2019-09-01,100.2,-0.988142292490124,-1.6683022571148176,2019-10-20,0.3762353313493584,0.3709816950055022,,,0.3736085131774303,93.2,-0.8510638297872353,91.8,-8.47457627118644,83.89,1.8948135552046663,10.6644333333333,-2.686343350374698,0.3601916063955108,0.2796476912232857,0.3553089035914702,0.4450434596788205,0.2566131951227366,0.2156507688794673,0.3714977559883888,0.3664584883889193,,0.368978122188654,93.8,-2.087682672233826,-2.1793201468672363,10.6704,-2.480047524343154,101.2,100.3,102.6,-0.4916420845624381,-1.2795275590551158,0.8973080757726848,-2.2417153996101336,-0.1984126984126977,0.0,100.6,2019-09-30,2019-10-01,train_A|train_B,0.7023809523809523,1,36,1,36,0.4628484101911432,0.7023809523809523,0.3601916063955108
2019-10-01,100.6,0.3992015968063755,-0.1984126984126977,2019-11-20,0.2734394577458161,0.3447363592471938,,,0.3090879084965049,95.0,1.93133047210301,96.0,-4.856293359762143,84.11,3.4181728759375307,10.6739913043478,-1.9770935522968047,0.2921552487407098,0.2921955760386522,0.3601916063955108,0.3553089035914702,0.2796476912232857,0.2566131951227366,0.3762353313493584,0.3709816950055022,,0.3736085131774303,93.2,-0.8510638297872353,1.8948135552046663,10.6644333333333,-2.686343350374698,100.2,101.2,100.3,-1.6683022571148176,-0.4916420845624381,-0.988142292490124,0.8973080757726848,-0.685602350636616,0.0,101.4,2019-10-31,2019-11-01,train_A|train_B,0.7414965986394557,1,42,1,42,0.42695765371033356,0.7414965986394557,0.2921552487407098
2019-11-01,101.4,0.7952286282306265,-0.685602350636616,2019-12-20,0.2857839184114906,0.4591646690987668,,,0.3724742937551287,98.2,6.855277475516863,95.6,-4.016064257028118,93.16,21.634678156417287,10.6660952380952,-1.2881346588516918,0.3589955829134564,0.3968630217204786,0.2921552487407098,0.3601916063955108,0.2921955760386522,0.2796476912232857,0.2734394577458161,0.3447363592471938,,0.3090879084965049,95.0,1.93133047210301,3.4181728759375307,10.6739913043478,-1.9770935522968047,100.6,100.2,101.2,-0.1984126984126977,-1.6683022571148176,0.3992015968063755,-0.988142292490124,0.5946481665014769,0.0,101.5,2019-11-30,2019-12-01,train_A|train_B,0.5150375939849624,1,38,1,38,0.40580818623490816,0.5150375939849624,0.3589955829134564
2019-12-01,101.5,0.0986193293885495,0.5946481665014769,2020-01-20,0.4783426783025157,0.3948095618209682,,,0.4365761200617419,100.8,9.565217391304335,97.4,-3.659742828882284,101.5,32.0926600728787,10.691095,-1.4675255946706822,0.4265903427966045,0.4549559042957959,0.3589955829134564,0.2921552487407098,0.3968630217204786,0.2921955760386522,0.2857839184114906,0.4591646690987668,,0.3724742937551287,98.2,6.855277475516863,21.634678156417287,10.6660952380952,-1.2881346588516918,101.4,100.6,100.2,-0.685602350636616,-0.1984126984126977,0.7952286282306265,0.3992015968063755,1.306532663316573,0.0,100.8,2019-12-31,2020-01-01,train_A|train_B,0.3258928571428571,1,32,1,32,0.39638109710048025,0.3258928571428571,0.4265903427966045
2020-01-01,100.8,-0.6896551724137945,1.306532663316573,2020-02-20,0.5122751091464718,0.4105629642358774,,,0.4614190366911745,102.5,10.096670247046193,100.7,-1.080550098231825,108.73,35.472215300274115,10.6637818181818,-2.0087104964953806,0.4527869596656986,0.4732080294775192,0.4265903427966045,0.3589955829134564,0.4549559042957959,0.3968630217204786,0.4783426783025157,0.3948095618209682,,0.4365761200617419,100.8,9.565217391304335,32.0926600728787,10.691095,-1.4675255946706822,101.5,101.4,100.6,0.5946481665014769,-0.685602350636616,0.0986193293885495,0.7952286282306265,1.4112903225806273,0.0,100.6,2020-01-31,2020-02-01,test_A|train_B,0.3021978021978022,1,26,1,26,0.4076102124253297,0.3021978021978022,0.4527869596656986
2020-02-01,100.6,-0.1984126984126977,1.4112903225806273,2020-03-20,0.5140448616312838,0.5464490346805837,,,0.5302469481559338,99.6,6.183368869936023,99.6,-1.0923535253227534,97.55,19.283443384690635,10.555905,-2.4927118280841376,0.5253653309349584,0.3809548747921373,0.4527869596656986,0.4265903427966045,0.4732080294775192,0.4549559042957959,0.5122751091464718,0.4105629642358774,,0.4614190366911745,102.5,10.096670247046193,35.472215300274115,10.6637818181818,-2.0087104964953806,100.8,101.5,101.4,1.306532663316573,0.5946481665014769,-0.6896551724137945,0.0986193293885495,3.34008097165992,1.0,102.1,2020-02-29,2020-03-01,test_A|train_B,0.611111111111111,1,36,1,36,0.5510890649878042,0.611111111111111,0.5253653309349584
2020-03-01,102.1,1.491053677932408,3.34008097165992,2020-04-20,0.5941876092486698,0.5958745023318542,,,0.595031055790262,95.2,2.3655913978494647,98.0,0.512820512820511,85.42,8.940186200739708,10.7143636363636,-1.3768842406947537,0.5936795499221117,0.3275458003371888,0.5253653309349584,0.4527869596656986,0.3809548747921373,0.4732080294775192,0.5140448616312838,0.5464490346805837,,0.5302469481559338,99.6,6.183368869936023,19.283443384690635,10.555905,-2.4927118280841376,100.6,100.8,101.5,1.4112903225806273,1.306532663316573,-0.1984126984126977,-0.6896551724137945,2.9000000000000137,1.0,102.9,2020-03-31,2020-04-01,test_A|train_B,0.4755102040816326,1,70,1,70,0.5582287461699679,0.4755102040816326,0.5936795499221117
2020-04-01,102.9,0.7835455435847294,2.9000000000000137,2020-05-20,0.5920036024448974,0.683655082263051,,,0.6378293423539743,92.4,-1.17647058823529,99.6,5.285412262156441,81.18,2.6166097838452806,10.987085,1.4753385987054113,0.6388099318529902,0.3039193764195497,0.5936795499221117,0.5253653309349584,0.3275458003371888,0.3809548747921373,0.5941876092486698,0.5958745023318542,,0.595031055790262,95.2,2.3655913978494647,8.940186200739708,10.7143636363636,-1.3768842406947537,102.1,100.6,100.8,3.34008097165992,1.4112903225806273,1.491053677932408,-0.1984126984126977,0.0978473581213279,0.0,102.3,2020-04-30,2020-05-01,test_A|train_B,0.4285714285714285,1,56,1,56,0.5757383808685216,0.4285714285714285,0.6388099318529902
2020-05-01,102.3,-0.5830903790087549,0.0978473581213279,2020-06-20,0.5666437205014129,0.6384699175147119,,,0.6025568190080623,91.2,-3.1847133757961776,98.0,3.813559322033888,77.77,-0.9299363057324928,10.74214,-0.7402759297336137,0.6016153949199032,0.2759317241563291,0.6388099318529902,0.5936795499221117,0.3039193764195497,0.3275458003371888,0.5920036024448974,0.683655082263051,,0.6378293423539743,92.4,-1.17647058823529,2.6166097838452806,10.987085,1.4753385987054113,102.9,102.1,100.6,2.9000000000000137,3.34008097165992,0.7835455435847294,1.491053677932408,-1.754385964912275,0.0,100.8,2020-05-31,2020-06-01,test_A|train_B,0.3738095238095238,1,60,1,60,0.5332736335867894,0.3738095238095238,0.6016153949199032
2020-06-01,100.8,-1.4662756598240456,-1.754385964912275,2020-07-20,0.4901295780554306,0.5679956249731146,,,0.5290626015142726,93.1,-2.410901467505256,97.3,-1.9153225806451624,86.61,11.812548412083656,10.8918409090909,0.4087198769753941,0.524116448781764,0.348553882345991,0.6016153949199032,0.6388099318529902,0.2759317241563291,0.3039193764195497,0.5666437205014129,0.6384699175147119,,0.6025568190080623,91.2,-3.1847133757961776,-0.9299363057324928,10.74214,-0.7402759297336137,102.3,102.9,102.1,0.0978473581213279,2.9000000000000137,-0.5830903790087549,0.7835455435847294,-1.0967098703888234,0.0,99.2,2020-06-30,2020-07-01,test_A|train_B,0.3586626139817628,1,47,1,47,0.47448029834176364,0.3586626139817628,0.524116448781764
2020-07-01,99.2,-1.5873015873015817,-1.0967098703888234,2020-08-20,0.4342971739231417,0.5771329045272829,,,0.5057150392252123,93.8,-1.3669821240799185,97.3,-0.307377049180324,93.2,19.349468561915728,10.9316826086957,1.5818127092064982,0.499496668695669,0.3954219248758283,0.524116448781764,0.6016153949199032,0.348553882345991,0.2759317241563291,0.4901295780554306,0.5679956249731146,,0.5290626015142726,93.1,-2.410901467505256,11.812548412083656,10.8918409090909,0.4087198769753941,100.8,102.3,102.9,-1.754385964912275,0.0978473581213279,-1.4662756598240456,-0.5830903790087549,1.383399209486158,0.0,102.6,2020-07-31,2020-08-01,test_A|train_B,0.3912337662337662,1,44,1,44,0.46701779795709814,0.3912337662337662,0.499496668695669
2020-08-01,102.6,3.427419354838701,1.383399209486158,2020-09-20,0.4630918540815997,0.3590242437863725,,,0.4110580489339861,95.7,2.025586353944564,99.2,7.127429805615559,98.7,19.505993461678163,10.9170095238095,2.3111553813305985,0.3996817819966169,0.4021046593127561,0.499496668695669,0.524116448781764,0.3954219248758283,0.348553882345991,0.4342971739231417,0.5771329045272829,,0.5057150392252123,93.8,-1.3669821240799185,19.349468561915728,10.9316826086957,1.5818127092064982,99.2,100.8,102.3,-1.0967098703888234,-1.754385964912275,-1.5873015873015817,-1.4662756598240456,2.894211576846306,1.0,103.1,2020-08-31,2020-09-01,test_A|train_B,0.5224489795918367,1,35,1,35,0.4365119412751828,0.5224489795918367,0.3996817819966169
2020-09-01,103.1,0.4873294346978474,2.894211576846306,2020-10-20,0.358763219159633,0.3506595477360963,,,0.3547113834478647,97.9,5.04291845493563,104.3,13.616557734204804,104.6,24.687090237215404,10.8691954545455,1.9200468961832584,0.3402647646790073,0.4327068408021347,0.3996817819966169,0.499496668695669,0.4021046593127561,0.3954219248758283,0.4630918540815997,0.3590242437863725,,0.4110580489339861,95.7,2.025586353944564,19.505993461678163,10.9170095238095,2.3111553813305985,102.6,99.2,100.8,1.383399209486158,-1.0967098703888234,3.427419354838701,-1.5873015873015817,2.683896620278325,1.0,103.3,2020-09-30,2020-10-01,test_A|train_B,0.4285714285714285,1,35,1,35,0.3667567638467336,0.4285714285714285,0.3402647646790073
2020-10-01,103.3,0.1939864209505426,2.683896620278325,2020-11-20,0.4274174549729436,0.3198190863744737,,,0.3736182706737087,101.3,6.631578947368411,112.1,16.770833333333336,106.45,26.560456545000587,10.8361363636364,1.5190668107679215,0.3602018955815761,0.4432599887364477,0.3402647646790073,0.3996817819966169,0.4327068408021347,0.4021046593127561,0.358763219159633,0.3506595477360963,,0.3547113834478647,97.9,5.04291845493563,24.687090237215404,10.8691954545455,1.9200468961832584,103.1,102.6,99.2,2.894211576846306,1.383399209486158,0.4873294346978474,3.427419354838701,-0.0986193293885717,0.0,101.3,2020-10-31,2020-11-01,test_A|train_B,0.4285714285714285,1,39,1,39,0.3807127554785318,0.4285714285714285,0.3602018955815761
2020-11-01,101.3,-1.936108422071636,-0.0986193293885717,2020-12-20,0.4426888107942737,0.3711759173620757,,,0.4069323640781747,105.5,7.433808553971488,114.8,20.083682008368207,121.9,30.85015027908975,10.834552238806006,1.5793689907168895,0.395331286960045,0.4689656827379194,0.3602018955815761,0.3402647646790073,0.4432599887364477,0.4327068408021347,0.4274174549729436,0.3198190863744737,,0.3736182706737087,101.3,6.631578947368411,26.560456545000587,10.8361363636364,1.5190668107679215,103.3,103.1,102.6,2.683896620278325,2.894211576846306,0.1939864209505426,0.4873294346978474,-1.6748768472906406,0.0,99.8,2020-11-30,2020-12-01,test_A|train_B,0.5173745173745173,1,37,1,37,0.4319442560843867,0.5173745173745173,0.395331286960045
2020-12-01,99.8,-1.4807502467917066,-1.6748768472906406,2021-01-20,0.4456703236509252,0.3584708877432573,,,0.4020706056970913,108.5,7.638888888888884,116.4,19.507186858316228,131.2,29.261083743842352,10.832968113975612,1.3270213572661227,0.3902046094640355,0.4589603275921804,0.395331286960045,0.3602018955815761,0.4689656827379194,0.4432599887364477,0.4426888107942737,0.3711759173620757,,0.4069323640781747,105.5,7.433808553971488,30.85015027908975,10.834552238806006,1.5793689907168895,101.3,103.3,103.1,-0.0986193293885717,2.683896620278325,-1.936108422071636,0.1939864209505426,-0.9920634920634884,0.0,99.8,2020-12-31,2021-01-01,test_A|train_B,0.5185909980430528,1,73,1,73,0.42872052603774063,0.5185909980430528,0.3902046094640355
2021-01-01,99.8,0.0,-0.9920634920634884,2021-02-20,0.530124485328534,0.543274507903644,,,0.536699496616089,113.5,10.73170731707318,125.0,24.13108242303872,138.87,27.72004046721237,10.831383989145218,1.5716954249537896,0.5321694812833794,0.453241010386233,0.3902046094640355,0.395331286960045,0.4589603275921804,0.4689656827379194,0.4456703236509252,0.3584708877432573,,0.4020706056970913,108.5,7.638888888888884,29.261083743842352,10.832968113975612,1.3270213572661227,99.8,101.3,103.3,-1.6748768472906406,-0.0986193293885717,-1.4807502467917066,-1.936108422071636,-0.994035785288272,0.0,99.6,2021-01-31,2021-02-01,test_A|train_B,0.3152709359605911,1,58,1,58,0.4670999176865429,0.3152709359605911,0.5321694812833794
2021-02-01,99.6,-0.2004008016032066,-0.994035785288272,2021-03-20,0.5775043740798183,0.55460017737591,,,0.5660522757278641,116.5,16.967871485943785,126.1,26.606425702811244,147.46,51.16350589441314,10.829799864314824,2.594707552927233,0.5631217048046433,0.5890286875348013,0.5321694812833794,0.3902046094640355,0.453241010386233,0.4589603275921804,0.530124485328534,0.543274507903644,,0.536699496616089,113.5,10.73170731707318,27.72004046721237,10.831383989145218,1.5716954249537896,99.8,99.8,101.3,-0.9920634920634884,-1.6748768472906406,0.0,-1.4807502467917066,-2.0568070519098813,0.0,100.0,2021-02-28,2021-03-01,test_A|train_B,0.490566037735849,1,53,1,53,0.541355004684005,0.490566037735849,0.5631217048046433
2021-03-01,100.0,0.4016064257028162,-2.0568070519098813,2021-04-20,0.6138105287534996,0.5260718283593709,,,0.5699411785564352,119.1,25.10504201680672,123.9,26.428571428571423,159.3,86.49028330601733,10.828215739484431,1.0626119010411994,0.5672225154687388,0.7815190743010996,0.5631217048046433,0.5321694812833794,0.5890286875348013,0.453241010386233,0.5775043740798183,0.55460017737591,,0.5660522757278641,116.5,16.967871485943785,51.16350589441314,10.829799864314824,2.594707552927233,99.6,99.8,99.8,-0.994035785288272,-0.9920634920634884,-0.2004008016032066,0.0,0.0971817298347943,0.0,103.0,2021-03-31,2021-04-01,test_A|train_B,0.8019480519480519,1,44,1,44,0.6376401764125327,0.8019480519480519,0.5672225154687388
2021-04-01,103.0,3.0000000000000027,0.0971817298347943,2021-05-20,0.6371397337035105,0.572498660510114,,,0.6048191971068122,122.1,32.14285714285712,126.2,26.706827309236942,162.19,99.79058881497905,10.826631614654035,-1.4603817604575298,0.6040010508857475,0.8475810452049881,0.5672225154687388,0.5631217048046433,0.7815190743010996,0.5890286875348013,0.6138105287534996,0.5260718283593709,,0.5699411785564352,119.1,25.10504201680672,86.49028330601733,10.828215739484431,1.0626119010411994,100.0,99.6,99.8,-2.0568070519098813,-0.994035785288272,0.4016064257028162,-0.2004008016032066,1.2707722385141729,0.0,103.6,2021-04-30,2021-05-01,test_A|train_B,0.7023809523809523,1,48,1,48,0.6335150213343089,0.7023809523809523,0.6040010508857475
2021-05-01,103.6,0.5825242718446644,1.2707722385141729,2021-06-20,0.5486538891537404,0.639359641715313,,,0.5940067654345267,128.4,40.789473684210535,133.7,36.42857142857141,174.9,124.89391796322492,10.825047489823644,0.7717967725578534,0.5925994455844383,1.0,0.6040010508857475,0.5672225154687388,0.8475810452049881,0.7815190743010996,0.6371397337035105,0.572498660510114,,0.6048191971068122,122.1,32.14285714285712,99.79058881497905,10.826631614654035,-1.4603817604575298,103.0,100.0,99.6,0.0971817298347943,-2.0568070519098813,3.0000000000000027,0.4016064257028162,0.5952380952380931,0.0,101.4,2021-05-31,2021-06-01,test_A|train_B,0.3653846153846153,1,52,1,52,0.5244349965244914,0.3653846153846153,0.5925994455844383
2021-06-01,101.4,-2.123552123552108,0.5952380952380931,2021-07-20,0.5290848867219603,0.6295197476384092,,,0.5793023171801848,125.4,34.69387755102042,130.3,33.915724563206595,157.7,82.08059115575568,10.823463364993248,-0.6277868421726618,0.5770937461959035,0.7545041169577572,0.5925994455844383,0.6040010508857475,1.0,0.8475810452049881,0.5486538891537404,0.639359641715313,,0.5940067654345267,128.4,40.789473684210535,124.89391796322492,10.825047489823644,0.7717967725578534,103.6,103.0,100.0,1.2707722385141729,0.0971817298347943,0.5825242718446644,3.0000000000000027,2.7217741935483986,1.0,101.9,2021-06-30,2021-07-01,test_A|train_B,0.3829365079365078,1,72,1,72,0.5188465747180847,0.3829365079365078,0.5770937461959035
2021-07-01,101.9,0.4930966469427922,2.7217741935483986,2021-08-20,0.4705917000671962,0.6418114754965636,,,0.5562015877818799,124.4,32.622601279317706,126.3,29.804727646454275,155.5,66.84549356223175,10.821879240162854,-1.0044507553256476,0.5527342490212824,0.6661061041558846,0.5770937461959035,0.5925994455844383,0.7545041169577572,1.0,0.5290848867219603,0.6295197476384092,,0.5793023171801848,125.4,34.69387755102042,82.08059115575568,10.823463364993248,-0.6277868421726618,101.4,103.6,103.0,0.5952380952380931,1.2707722385141729,-2.123552123552108,0.5825242718446644,-1.0721247563352798,0.0,101.5,2021-07-31,2021-08-01,test_A|train_B,0.4815668202764977,1,62,1,62,0.5313840203978469,0.4815668202764977,0.5527342490212824
2021-08-01,101.5,-0.3925417075564374,-1.0721247563352798,2021-09-20,0.3602340218593544,0.639503300612057,,,0.4998686612357056,128.0,33.75130616509927,130.4,31.4516129032258,165.9,68.08510638297874,10.82029511533246,-0.8859056893383843,0.4933317192838289,0.6741858606488628,0.5527342490212824,0.5770937461959035,0.6661061041558846,0.7545041169577572,0.4705917000671962,0.6418114754965636,,0.5562015877818799,124.4,32.622601279317706,66.84549356223175,10.821879240162854,-1.0044507553256476,101.9,101.4,103.6,2.7217741935483986,0.5952380952380931,0.4930966469427922,-2.123552123552108,-0.2909796314258028,0.0,102.8,2021-08-31,2021-09-01,test_A|train_B,0.5,1,46,1,46,0.49533220349868023,0.5,0.4933317192838289
2021-09-01,102.8,1.2807881773398977,-0.2909796314258028,2021-10-20,0.4667977335126931,0.4468226264533155,,,0.4568101799830043,129.1,31.86925434116443,132.8,27.32502396931928,168.6,61.18546845124284,10.818710990502066,-0.4644728697221212,0.4479269645536333,0.6351299598189412,0.4933317192838289,0.5527342490212824,0.6741858606488628,0.6661061041558846,0.3602340218593544,0.639503300612057,,0.4998686612357056,128.0,33.75130616509927,68.08510638297874,10.82029511533246,-0.8859056893383843,101.5,101.9,101.4,-1.0721247563352798,2.7217741935483986,-0.3925417075564374,0.4930966469427922,0.968054211035807,0.0,104.3,2021-09-30,2021-10-01,test_A|train_B,0.7936507936507936,1,54,1,54,0.5516441132827814,0.7936507936507936,0.4479269645536333
2021-10-01,104.3,1.45914396887159,0.968054211035807,2021-11-20,0.4085188308292006,0.348438770242829,,,0.3784788005360148,133.3,31.589338598223105,137.1,22.301516503122222,184.8,73.60263034288398,10.817126865671671,-0.1754268987286034,0.3653272776163398,0.7033478612661135,0.4479269645536333,0.4933317192838289,0.6351299598189412,0.6741858606488628,0.4667977335126931,0.4468226264533155,,0.4568101799830043,129.1,31.86925434116443,61.18546845124284,10.818710990502066,-0.4644728697221212,102.8,101.5,101.9,-0.2909796314258028,-1.0721247563352798,1.2807881773398977,-0.3925417075564374,2.8627838104639647,1.0,104.2,2021-10-31,2021-11-01,test_A|train_B,0.5869191049913941,1,83,1,83,0.4318048258288561,0.5869191049913941,0.3653272776163398
2021-11-01,104.2,-0.0958772770853211,2.8627838104639647,2021-12-20,0.4196394652848195,0.2982634759884997,,,0.3589514706366596,135.4,28.341232227488167,141.4,23.17073170731707,184.6,51.43560295324035,10.81554274084128,-0.1754525479755408,0.3447358958764133,0.5796610413103488,0.3653272776163398,0.4479269645536333,0.7033478612661135,0.6351299598189412,0.4085188308292006,0.348438770242829,,0.3784788005360148,133.3,31.589338598223105,73.60263034288398,10.817126865671671,-0.1754268987286034,104.3,102.8,101.5,0.968054211035807,-0.2909796314258028,1.45914396887159,1.2807881773398977,4.509018036072154,1.0,104.3,2021-11-30,2021-12-01,test_A|train_B,0.2792207792207792,1,66,1,66,0.32508136087972306,0.2792207792207792,0.3447358958764133
2021-12-01,104.3,0.0959692898272468,4.509018036072154,2022-01-20,0.4304095646439398,0.4903207990915316,,,0.4603651818677357,133.7,23.225806451612897,140.5,20.704467353951884,178.5,36.05182926829269,10.813958616010884,-0.175478204724,0.4516756798809181,0.4924415909080578,0.3447358958764133,0.3653272776163398,0.5796610413103488,0.7033478612661135,0.4196394652848195,0.2982634759884997,,0.3589514706366596,135.4,28.341232227488167,51.43560295324035,10.81554274084128,-0.1754525479755408,104.2,104.3,102.8,2.8627838104639647,0.968054211035807,-0.0958772770853211,1.45914396887159,4.208416833667328,1.0,104.0,2021-12-31,2022-01-01,test_A|train_B,0.1796536796536796,1,66,1,66,0.37006907981274656,0.1796536796536796,0.4516756798809181
2022-01-01,104.0,-0.2876318312559855,4.208416833667328,2022-02-20,0.7297186731627109,0.7299942248379481,,,0.7298564490003294,135.7,19.55947136563876,140.6,12.480000000000002,185.9,33.86620580398934,10.81237449118049,-0.1755038689772114,0.7358516315191895,0.4765058619610561,0.4516756798809181,0.3447358958764133,0.4924415909080578,0.5796610413103488,0.4304095646439398,0.4903207990915316,,0.4603651818677357,133.7,23.225806451612897,36.05182926829269,10.813958616010884,-0.175478204724,104.3,104.2,104.3,4.509018036072154,2.8627838104639647,0.0959692898272468,-0.0958772770853211,5.522088353413657,1.0,105.1,2022-01-31,2022-02-01,test_B,0.0583501006036217,1,71,1,71,0.5326011722445192,0.0583501006036217,0.7358516315191895
2022-02-01,105.1,1.057692307692304,5.522088353413657,2022-03-20,0.8358735120610833,0.8171970157639934,,,0.8265352639125383,141.7,21.630901287553627,145.3,15.226011102299776,201.7,36.78285636782854,10.810790366350096,-0.1755295407384727,0.837798512853269,0.494067439340964,0.7358516315191895,0.4516756798809181,0.4765058619610561,0.4924415909080578,0.7297186731627109,0.7299942248379481,,0.7298564490003294,135.7,19.55947136563876,33.86620580398934,10.81237449118049,-0.1755038689772114,104.0,104.3,104.2,4.208416833667328,4.509018036072154,-0.2876318312559855,0.0959692898272468,9.40000000000001,1.0,109.4,2022-02-28,2022-03-01,test_B,0.5139146567717996,1,77,1,77,0.7406333560288282,0.5139146567717996,0.837798512853269
2022-03-01,109.4,4.091341579448149,9.40000000000001,2022-04-20,0.9049942380814754,0.8522651636103202,,,0.8786297008458979,160.2,34.50881612090679,170.1,37.28813559322033,251.8,58.06654111738858,10.809206241519702,-0.1755552200111143,0.8927315960218363,0.6231309850943179,0.837798512853269,0.7358516315191895,0.494067439340964,0.4765058619610561,0.8358735120610833,0.8171970157639934,,0.8265352639125383,141.7,21.630901287553627,36.78285636782854,10.810790366350096,-0.1755295407384727,105.1,104.0,104.3,5.522088353413657,4.208416833667328,1.057692307692304,-0.2876318312559855,9.417475728155344,1.0,112.7,2022-03-31,2022-04-01,test_B,0.903174603174603,1,90,1,90,0.8958644981676662,0.903174603174603,0.8927315960218363
2022-04-01,112.7,3.0164533820840944,9.417475728155344,2022-05-20,0.9090123077488502,0.8996641445737865,,,0.9043382261613184,158.8,30.057330057330063,169.7,34.46909667194929,237.5,46.43319563474937,10.807622116689307,-0.1755809067983671,0.919840988932634,0.5567454401359394,0.8927315960218363,0.837798512853269,0.6231309850943179,0.494067439340964,0.9049942380814754,0.8522651636103202,,0.8786297008458979,160.2,34.50881612090679,58.06654111738858,10.809206241519702,-0.1755552200111143,109.4,105.1,104.0,9.40000000000001,5.522088353413657,4.091341579448149,1.057692307692304,8.59073359073359,1.0,112.5,2022-04-30,2022-05-01,test_B,0.8666666666666666,1,90,1,90,0.9038886922528437,0.8666666666666666,0.919840988932634
2022-05-01,112.5,-0.1774622892635302,8.59073359073359,2022-06-20,0.8303548378415925,0.9591293158817528,,,0.8947420768616726,158.7,23.59813084112148,173.5,29.76813762154078,229.2,31.046312178387648,10.806037991858917,-0.1756066011035839,0.9097219417059644,0.4685027532064296,0.919840988932634,0.8927315960218363,0.5567454401359394,0.6231309850943179,0.9090123077488502,0.8996641445737865,,0.9043382261613184,158.8,30.057330057330063,46.43319563474937,10.807622116689307,-0.1755809067983671,112.7,109.4,105.1,9.417475728155344,9.40000000000001,3.0164533820840944,4.091341579448149,11.045364891518728,1.0,112.6,2022-05-31,2022-06-01,test_B,0.7661448140900194,1,73,1,73,0.8666488034211808,0.7661448140900194,0.9097219417059644
2022-06-01,112.6,0.0888888888888939,11.045364891518728,2022-07-20,0.8397866409301484,0.8626145956578912,,,0.8512006182940198,155.7,24.162679425837297,166.3,27.62854950115119,211.8,34.30564362714015,10.80445386702852,-0.175632302930051,0.8638078920381018,0.485783461943149,0.9097219417059644,0.919840988932634,0.4685027532064296,0.5567454401359394,0.8303548378415925,0.9591293158817528,,0.8947420768616726,158.7,23.59813084112148,31.046312178387648,10.806037991858917,-0.1756066011035839,112.5,112.7,109.4,8.59073359073359,9.417475728155344,-0.1774622892635302,3.0164533820840944,12.365063788027465,1.0,114.5,2022-06-30,2022-07-01,test_B,0.7225563909774435,1,95,1,95,0.8214324417199043,0.7225563909774435,0.8638078920381018
2022-07-01,114.5,1.687388987566618,12.365063788027465,2022-08-20,0.7803244632219487,0.7857680770936578,,,0.7830462701578033,141.6,13.826366559485525,147.3,16.62707838479811,168.8,8.553054662379434,10.802869742198126,-0.1756580122810658,0.7919397868264917,0.3366838175215456,0.8638078920381018,0.9097219417059644,0.485783461943149,0.4685027532064296,0.8397866409301484,0.8626145956578912,,0.8512006182940198,155.7,24.162679425837297,34.30564362714015,10.80445386702852,-0.175632302930051,112.6,112.5,112.7,11.045364891518728,8.59073359073359,0.0888888888888939,-0.1774622892635302,14.581280788177333,1.0,116.3,2022-07-31,2022-08-01,test_B,0.9868238557558946,1,103,1,103,0.8504050075053124,0.9868238557558946,0.7919397868264917
2022-08-01,116.3,1.5720524017467152,14.581280788177333,2022-09-20,0.7336158481160563,0.6749821434666023,,,0.7042989957913293,138.7,8.359374999999991,145.6,11.65644171779141,163.3,-1.567209162145866,10.801285617367732,-0.1756837291599478,0.7089015426929538,0.2777991844702694,0.7919397868264917,0.8638078920381018,0.3366838175215456,0.485783461943149,0.7803244632219487,0.7857680770936578,,0.7830462701578033,141.6,13.826366559485525,8.553054662379434,10.802869742198126,-0.1756580122810658,114.5,112.6,112.5,12.365063788027465,11.045364891518728,1.687388987566618,0.0888888888888939,15.077821011673144,1.0,118.3,2022-08-31,2022-09-01,test_B,0.976190476190476,1,90,1,90,0.7890882227422105,0.976190476190476,0.7089015426929538
2022-09-01,118.3,1.7196904557179815,15.077821011673144,2022-10-20,0.6623288296501799,0.5947862411707656,,,0.6285575354104728,137.3,6.351665375677773,147.9,11.37048192771084,152.6,-9.489916963226577,10.799701492537338,-0.1757094535699943,0.6290329005242551,0.2333237355761089,0.7089015426929538,0.7919397868264917,0.2777991844702694,0.3366838175215456,0.7336158481160563,0.6749821434666023,,0.7042989957913293,138.7,8.359374999999991,-1.567209162145866,10.801285617367732,-0.1756837291599478,116.3,114.5,112.6,14.581280788177333,12.365063788027465,1.5720524017467152,1.687388987566618,14.285714285714302,1.0,119.2,2022-09-30,2022-10-01,test_B,0.5928571428571429,1,80,1,80,0.6181801732241213,0.5928571428571429,0.6290329005242551
2022-10-01,119.2,0.7607776838546076,14.285714285714302,2022-11-20,0.6330872943334377,0.6531391503191782,,,0.643113222326308,136.7,2.550637659414834,152.3,11.086797957695117,151.3,-18.127705627705627,10.798117367706944,-0.1757351855145028,0.6443817325107887,0.184846709448559,0.6290329005242551,0.7089015426929538,0.2333237355761089,0.2777991844702694,0.6623288296501799,0.5947862411707656,,0.6285575354104728,137.3,6.351665375677773,-9.489916963226577,10.799701492537338,-0.1757094535699943,118.3,116.3,114.5,15.077821011673144,14.581280788177333,1.7196904557179815,1.5720524017467152,14.87523992322457,1.0,119.7,2022-10-31,2022-11-01,test_B,0.53125,1,96,1,96,0.610442212757552,0.53125,0.6443817325107887
2022-11-01,119.7,0.4194630872483174,14.87523992322457,2022-12-20,0.7118194302117652,0.6981933850386385,,,0.7050064076252018,136.0,0.4431314623338123,150.1,6.152758132956149,154.7,-16.19718309859155,10.79653324287655,-0.1757609249968372,0.7096475016742221,0.1934317535182571,0.6443817325107887,0.6290329005242551,0.184846709448559,0.2333237355761089,0.6330872943334377,0.6531391503191782,,0.643113222326308,136.7,2.550637659414834,-18.127705627705627,10.798117367706944,-0.1757351855145028,119.2,118.3,116.3,14.285714285714302,15.077821011673144,0.7607776838546076,1.7196904557179815,15.532118887823598,1.0,120.5,2022-11-30,2022-12-01,test_B,0.1966386554621848,1,85,1,85,0.5557448478106108,0.1966386554621848,0.7096475016742221
2022-12-01,120.5,0.6683375104427736,15.532118887823598,2023-01-20,0.7075364089568414,0.8553009886903231,,,0.7814186988235823,133.1,-0.4487658937920691,147.3,4.839857651245549,144.6,-18.991596638655466,10.794949118046157,-0.1757866720202061,0.7902235284939578,0.1771992525811447,0.7096475016742221,0.6443817325107887,0.1934317535182571,0.184846709448559,0.7118194302117652,0.6981933850386385,,0.7050064076252018,136.0,0.4431314623338123,-16.19718309859155,10.79653324287655,-0.1757609249968372,119.7,119.2,118.3,14.87523992322457,14.285714285714302,0.4194630872483174,0.7607776838546076,17.40384615384616,1.0,122.1,2022-12-31,2023-01-01,test_B,0.7272727272727272,1,77,1,77,0.7713382881275885,0.7272727272727272,0.7902235284939578
2023-01-01,122.1,1.327800829875514,17.40384615384616,2023-02-20,0.7989243824205118,0.8194493362496758,,,0.8091868593350937,131.4,-3.1687546057479588,147.5,4.907539118065429,140.4,-24.47552447552448,10.793364993215762,-0.1758124265880178,0.8195047869279112,0.1465338305040094,0.7902235284939578,0.7096475016742221,0.1771992525811447,0.1934317535182571,0.7075364089568414,0.8553009886903231,,0.7814186988235823,133.1,-0.4487658937920691,-18.991596638655466,10.794949118046157,-0.1757866720202061,120.5,119.7,119.2,15.532118887823598,14.87523992322457,0.6683375104427736,0.4194630872483174,20.83729781160799,1.0,127.0,2023-01-31,2023-02-01,test_B,0.3409523809523809,1,75,1,75,0.6759390651352521,0.3409523809523809,0.8195047869279112
2023-02-01,127.0,4.0131040131040185,20.83729781160799,2023-03-20,0.8516369724310092,0.9341551088920604,,,0.8928960406615348,130.7,-7.762879322512351,146.7,0.9635237439779676,135.9,-32.62270699058006,10.791780868385368,-0.1758381887035476,0.9077753142715592,0.0991554238101774,0.8195047869279112,0.7902235284939578,0.1465338305040094,0.1771992525811447,0.7989243824205118,0.8194493362496758,,0.8091868593350937,131.4,-3.1687546057479588,-24.47552447552448,10.793364993215762,-0.1758124265880178,122.1,120.5,119.7,17.40384615384616,15.532118887823598,1.327800829875514,0.6683375104427736,16.453382084095058,1.0,127.4,2023-02-28,2023-03-01,test_B,0.9464285714285714,1,92,1,92,0.9193712914186628,0.9464285714285714,0.9077753142715592
2023-03-01,127.4,0.3149606299212681,16.453382084095058,2023-04-20,0.974808083940786,0.8915118364319784,,,0.9331599601863824,128.0,-20.099875156054924,138.6,-18.518518518518523,131.8,-47.656870532168384,10.790196743554974,-0.175863958370126,0.9502332305127956,0.0062341314435429,0.9077753142715592,0.8195047869279112,0.0991554238101774,0.1465338305040094,0.8516369724310092,0.9341551088920604,,0.8928960406615348,130.7,-7.762879322512351,-32.62270699058006,10.791780868385368,-0.1758381887035476,127.0,122.1,120.5,20.83729781160799,17.40384615384616,4.0131040131040185,1.327800829875514,16.858917480035473,1.0,131.7,2023-03-31,2023-04-01,test_B,0.6148748159057437,1,97,1,97,0.84962570613068,0.6148748159057437,0.9502332305127956
2023-04-01,131.7,3.375196232339084,16.858917480035473,2023-05-20,1.0,0.868959168235949,,,0.9344795841179744,128.4,-19.143576826196472,136.1,-19.799646434885087,130.0,-45.26315789473684,10.78861261872458,-0.1758897355910837,0.9516247612683372,0.0190560060979794,0.9502332305127956,0.9077753142715592,0.0062341314435429,0.0991554238101774,0.974808083940786,0.8915118364319784,,0.9331599601863824,128.0,-20.099875156054924,-47.656870532168384,10.790196743554974,-0.175863958370126,127.4,127.0,122.1,16.453382084095058,20.83729781160799,0.3149606299212681,4.0131040131040185,16.088888888888885,1.0,130.6,2023-04-30,2023-05-01,test_B,0.8119047619047618,1,90,1,90,0.9097087614592645,0.8119047619047618,0.9516247612683372
2023-05-01,130.6,-0.8352315869400107,16.088888888888885,2023-06-20,0.8163192242290847,0.8687518171021825,,,0.8425355206656335,124.5,-21.550094517958406,129.3,-25.47550432276656,118.7,-48.21116928446772,10.787028493894184,-0.1759155203697626,0.8546706298522602,0.0,0.9516247612683372,0.9502332305127956,0.0190560060979794,0.0062341314435429,1.0,0.868959168235949,,0.9344795841179744,128.4,-19.143576826196472,-45.26315789473684,10.78861261872458,-0.1758897355910837,131.7,127.4,127.0,16.858917480035473,16.453382084095058,3.375196232339084,0.3149606299212681,13.143872113676736,1.0,127.4,2023-05-31,2023-06-01,test_B,1.0,1,80,1,80,0.8982694408965821,1.0,0.8546706298522602
2023-06-01,127.4,-2.450229709035212,13.143872113676736,2023-07-20,0.8562646327958414,0.8416970867767702,,,0.8489808597863058,123.0,-21.0019267822736,126.6,-23.8725195429946,115.8,-45.3257790368272,10.785444369063791,-0.1759413127093823,0.8614671780214713,0.0168721272339135,0.8546706298522602,0.9516247612683372,0.0,0.0190560060979794,0.8163192242290847,0.8687518171021825,,0.8425355206656335,124.5,-21.550094517958406,-48.21116928446772,10.787028493894184,-0.1759155203697626,130.6,131.7,127.4,16.088888888888885,16.858917480035473,-0.8352315869400107,3.375196232339084,12.052401746724906,1.0,128.3,2023-06-30,2023-07-01,test_B,0.8571428571428571,1,69,1,69,0.860169881757887,0.8571428571428571,0.8614671780214713
2023-07-01,128.3,0.7064364207221452,12.052401746724906,2023-08-20,0.8590749371327867,0.956477276382047,,,0.9077761067574168,124.4,-12.146892655367225,125.9,-14.52817379497624,129.8,-23.104265402843605,10.783860244233397,-0.1759671126133732,0.9234662009864788,0.1454608503044962,0.8614671780214713,0.8546706298522602,0.0168721272339135,0.0,0.8562646327958414,0.8416970867767702,,0.8489808597863058,123.0,-21.0019267822736,-45.3257790368272,10.785444369063791,-0.1759413127093823,127.4,130.6,131.7,13.143872113676736,16.088888888888885,-2.450229709035212,-0.8352315869400107,10.576096302665515,1.0,128.6,2023-07-31,2023-08-01,test_B,0.7695417789757412,1,106,1,106,0.8772888743832575,0.7695417789757412,0.9234662009864788
2023-08-01,128.6,0.2338269680436377,10.576096302665515,2023-09-20,0.7631673003080844,0.7203636363946976,,,0.741765468351391,121.8,-12.184571016582543,125.0,-14.148351648351642,125.8,-22.963870177587264,10.782276119403004,-0.1759929200850107,0.7484095779906105,0.1464175699089897,0.9234662009864788,0.8614671780214713,0.1454608503044962,0.0168721272339135,0.8590749371327867,0.956477276382047,,0.9077761067574168,124.4,-12.146892655367225,-23.104265402843605,10.783860244233397,-0.1759671126133732,128.3,127.4,130.6,12.052401746724906,13.143872113676736,0.7064364207221452,-2.450229709035212,10.143702451394777,1.0,130.3,2023-08-31,2023-09-01,test_B,0.7422077922077922,1,110,1,110,0.746549042255765,0.7422077922077922,0.7484095779906105
2023-09-01,130.3,1.3219284603421588,10.143702451394777,2023-10-20,0.8071822479741921,0.7791639172262705,,,0.7931730826002313,121.7,-11.3619810633649,126.3,-14.60446247464503,120.9,-20.77326343381388,10.78069199457261,-0.1760187351276698,0.8026184132380606,0.1584739151035352,0.7484095779906105,0.9234662009864788,0.1464175699089897,0.1454608503044962,0.7631673003080844,0.7203636363946976,,0.741765468351391,121.8,-12.184571016582543,-22.963870177587264,10.782276119403004,-0.1759929200850107,128.6,128.3,127.4,10.576096302665515,12.052401746724906,0.2338269680436377,0.7064364207221452,8.976510067114084,1.0,129.9,2023-09-30,2023-10-01,test_B,0.2731660231660231,1,74,1,74,0.6437826962164493,0.2731660231660231,0.8026184132380606
2023-10-01,129.9,-0.3069838833461236,8.976510067114084,2023-11-20,0.6228782464193577,0.6603760523416045,,,0.641627149380481,120.7,-11.704462326261876,124.8,-18.056467498358508,120.0,-20.68737607402512,10.779107869742216,-0.1760445577446479,0.6428146828691523,0.1574008372084763,0.8026184132380606,0.7484095779906105,0.1584739151035352,0.1464175699089897,0.8071822479741921,0.7791639172262705,,0.7931730826002313,121.7,-11.3619810633649,-20.77326343381388,10.78069199457261,-0.1760187351276698,130.3,128.6,128.3,10.143702451394777,10.576096302665515,1.3219284603421588,0.2338269680436377,7.685881370091896,1.0,128.9,2023-10-31,2023-11-01,test_B,0.3987012987012986,1,110,1,110,0.5695806676187962,0.3987012987012986,0.6428146828691523
2023-11-01,128.9,-0.7698229407236301,7.685881370091896,2023-12-20,0.7463792533962477,0.7901963579700526,,,0.7682878056831501,120.6,-11.32352941176471,121.0,-19.38707528314457,124.1,-19.780219780219777,10.777523744911822,-0.1760703879392977,0.7763771278526829,0.1618795739867351,0.6428146828691523,0.8026184132380606,0.1574008372084763,0.1584739151035352,0.6228782464193577,0.6603760523416045,,0.641627149380481,120.7,-11.704462326261876,-20.68737607402512,10.779107869742216,-0.1760445577446479,129.9,130.3,128.6,8.976510067114084,10.143702451394777,-0.3069838833461236,1.3219284603421588,6.804979253112031,1.0,128.7,2023-11-30,2023-12-01,test_B,0.6737739872068229,1,67,1,67,0.7455961856589248,0.6737739872068229,0.7763771278526829
2023-12-01,128.7,-0.1551590380139744,6.804979253112031,2024-01-20,0.7896796377981691,0.8041099424236692,,,0.7968947901109191,119.1,-10.518407212622094,122.8,-16.632722335369998,122.3,-15.421853388658368,10.775939620081427,-0.1760962257149612,0.8065429180460351,0.1875147815963599,0.7763771278526829,0.6428146828691523,0.1618795739867351,0.1574008372084763,0.7463792533962477,0.7901963579700526,,0.7682878056831501,120.6,-11.32352941176471,-19.780219780219777,10.777523744911822,-0.1760703879392977,128.9,129.9,130.3,7.685881370091896,8.976510067114084,-0.7698229407236301,-0.3069838833461236,4.258804258804272,1.0,127.3,2023-12-31,2024-01-01,test_B,0.8287545787545786,1,78,1,78,0.8132064162585981,0.8287545787545786,0.8065429180460351
2024-01-01,127.3,-1.0878010878010769,4.258804258804272,2024-02-20,0.7913290736862773,0.8345285616705314,,,0.8129288176784043,117.6,-10.502283105022835,119.9,-18.71186440677965,122.5,-12.749287749287753,10.774355495251031,-0.1761220710749578,0.8234506460442953,0.2015383270007633,0.8065429180460351,0.7763771278526829,0.1875147815963599,0.1618795739867351,0.7896796377981691,0.8041099424236692,,0.7968947901109191,119.1,-10.518407212622094,-15.421853388658368,10.775939620081427,-0.1760962257149612,128.7,128.9,129.9,6.804979253112031,7.685881370091896,-0.1551590380139744,-0.7698229407236301,-0.47244094488188,0.0,126.4,2024-01-31,2024-02-01,test_B,0.8640275387263339,1,83,1,83,0.8356237138489069,0.8640275387263339,0.8234506460442953
2024-02-01,126.4,-0.706991358994491,-0.47244094488188,2024-03-20,0.9905097912185112,0.9046987218782622,,,0.9476042565483866,117.4,-10.175975516449876,113.8,-22.42672119972733,120.9,-11.037527593818986,10.77277137042064,-0.1761479240225849,0.9654646022306712,0.2094476185708972,0.8234506460442953,0.8065429180460351,0.2015383270007633,0.1875147815963599,0.7913290736862773,0.8345285616705314,,0.8129288176784043,117.6,-10.502283105022835,-12.749287749287753,10.774355495251031,-0.1761220710749578,127.3,128.7,128.9,4.258804258804272,6.804979253112031,-1.0878010878010769,-0.1551590380139744,0.8634222919937207,0.0,128.5,2024-02-29,2024-03-01,test_B,0.3165584415584415,1,88,1,88,0.7707927540290023,0.3165584415584415,0.9654646022306712
2024-03-01,128.5,1.661392405063289,0.8634222919937207,2024-04-20,0.944652209730639,0.9145369850563452,,,0.929594597393492,118.9,-7.109374999999996,110.9,-19.98556998556997,130.6,-0.9104704097116944,10.771187245590246,-0.1761737845612732,0.9464735897074156,0.2672315886548221,0.9654646022306712,0.8234506460442953,0.2094476185708972,0.2015383270007633,0.9905097912185112,0.9046987218782622,,0.9476042565483866,117.4,-10.175975516449876,-11.037527593818986,10.77277137042064,-0.1761479240225849,126.4,127.3,128.7,-0.47244094488188,4.258804258804272,-0.706991358994491,-1.0878010878010769,-1.442672741078188,0.0,129.8,2024-03-31,2024-04-01,test_B,0.4285714285714285,1,102,1,102,0.7911029413666194,0.4285714285714285,0.9464735897074156
2024-04-01,129.8,1.0116731517509914,-1.442672741078188,2024-05-20,0.960710101476296,1.0,,,0.980355050738148,119.2,-7.165109034267914,111.6,-18.00146950771492,130.9,0.6923076923077032,10.769603120759852,-0.1761996526943199,1.0,0.2770959472898843,0.9464735897074156,0.9654646022306712,0.2672315886548221,0.2094476185708972,0.944652209730639,0.9145369850563452,,0.929594597393492,118.9,-7.109374999999996,-0.9104704097116944,10.771187245590246,-0.1761737845612732,128.5,126.4,127.3,0.8634222919937207,-0.47244094488188,1.661392405063289,-0.706991358994491,-1.3016845329249516,0.0,128.9,2024-04-30,2024-05-01,test_B,0.6758832565284179,1,93,1,93,0.9027649769585253,0.6758832565284179,1.0
2024-05-01,128.9,-0.6933744221879867,-1.3016845329249516,2024-06-20,0.9185817111097248,0.9320219449803702,,,0.9253018280450476,120.5,-3.212851405622485,118.7,-8.197989172467135,127.8,7.666385846672274,10.768018995929458,-0.1762255284250558,0.941946905678884,0.3205451609772083,1.0,0.9464735897074156,0.2770959472898843,0.2672315886548221,0.960710101476296,1.0,,0.980355050738148,119.2,-7.165109034267914,0.6923076923077032,10.769603120759852,-0.1761996526943199,129.8,128.5,126.4,-1.442672741078188,0.8634222919937207,1.0116731517509914,1.661392405063289,1.6483516483516425,0.0,129.5,2024-05-31,2024-06-01,test_B,0.5428571428571428,1,115,1,115,0.8222199768323616,0.5428571428571428,0.941946905678884
2024-06-01,129.5,0.4654771140418789,1.6483516483516425,2024-07-20,0.94666472663814,0.8438696735193673,,,0.8952672000787536,121.0,-1.6260162601625994,115.2,-9.004739336492884,131.8,13.8169257340242,10.766434871099063,-0.176251411756878,0.9102756790924448,0.3546090578273217,0.941946905678884,1.0,0.3205451609772083,0.2770959472898843,0.9185817111097248,0.9320219449803702,,0.9253018280450476,120.5,-3.212851405622485,7.666385846672274,10.768018995929458,-0.1762255284250558,128.9,129.8,128.5,-1.3016845329249516,-1.442672741078188,-0.6933744221879867,1.0116731517509914,0.3117692907248504,0.0,128.7,2024-06-30,2024-07-01,test_B,0.6656848306332842,1,97,1,97,0.8368984245546965,0.6656848306332842,0.9102756790924448
2024-07-01,128.7,-0.6177606177606321,0.3117692907248504,2024-08-20,0.8328404933095174,0.7829458943399185,,,0.8078931938247179,120.9,-2.813504823151125,110.7,-12.073073868149333,135.0,4.00616332819721,10.76485074626867,-0.1762773026930952,0.8181406290781068,0.2983130516436051,0.9102756790924448,0.941946905678884,0.3546090578273217,0.3205451609772083,0.94666472663814,0.8438696735193673,,0.8952672000787536,121.0,-1.6260162601625994,13.8169257340242,10.766434871099063,-0.176251411756878,129.5,128.9,129.8,1.6483516483516425,-1.3016845329249516,0.4654771140418789,-0.6933744221879867,1.9440124416796325,0.0,131.1,2024-07-31,2024-08-01,test_B,0.5459183673469388,1,112,1,112,0.7364739505587564,0.5459183673469388,0.8181406290781068
2024-08-01,131.1,1.8648018648018685,1.9440124416796325,2024-09-20,0.8164607756084868,0.8128877325067333,,,0.8146742540576101,121.7,-0.0821018062397316,110.2,-11.839999999999996,136.1,8.187599364069943,10.763266621438277,-0.1763032012370713,0.8252911919341954,0.3218230865672524,0.8181406290781068,0.9102756790924448,0.2983130516436051,0.3546090578273217,0.8328404933095174,0.7829458943399185,,0.8078931938247179,120.9,-2.813504823151125,4.00616332819721,10.76485074626867,-0.1762773026930952,128.7,129.5,128.9,0.3117692907248504,1.6483516483516425,-0.6177606177606321,0.4654771140418789,0.5372217958557135,0.0,131.0,2024-08-31,2024-09-01,test_B,1.0,1,103,1,103,0.8777038343539367,1.0,0.8252911919341954
2024-09-01,131.0,-0.0762776506483597,0.5372217958557135,2024-10-20,0.7375290211734422,0.8563686263185478,,,0.796948823745995,124.6,2.3829087921117376,113.6,-10.055423594615998,142.4,17.783291976840367,10.76168249660788,-0.1763291073921702,0.806599895995011,0.3763372681027348,0.8252911919341954,0.8181406290781068,0.3218230865672524,0.2983130516436051,0.8164607756084868,0.8128877325067333,,0.8146742540576101,121.7,-0.0821018062397316,8.187599364069943,10.763266621438277,-0.1763032012370713,131.1,128.7,129.5,1.9440124416796325,0.3117692907248504,1.8648018648018685,-0.6177606177606321,0.3079291762894565,0.0,130.3,2024-09-30,2024-10-01,test_B,0.1164285714285714,1,100,1,100,0.5995484986250791,0.1164285714285714,0.806599895995011
2024-10-01,130.3,-0.5343511450381588,0.3079291762894565,2024-11-20,0.7771740896123585,0.7570686458913609,,,0.7671213677518597,126.9,5.136702568351281,114.4,-8.333333333333325,152.7,27.25,10.760098371777486,-0.1763550211617337,0.7751471302624888,0.4301013450055949,0.806599895995011,0.8252911919341954,0.3763372681027348,0.3218230865672524,0.7375290211734422,0.8563686263185478,,0.796948823745995,124.6,2.3829087921117376,17.783291976840367,10.76168249660788,-0.1763291073921702,131.0,131.1,128.7,0.5372217958557135,1.9440124416796325,-0.0762776506483597,1.8648018648018685,0.6982156710628518,0.0,129.8,2024-10-31,2024-11-01,test_B,0.68796992481203,1,95,1,95,0.7489939686273511,0.68796992481203,0.7751471302624888
2024-11-01,129.8,-0.3837298541826572,0.6982156710628518,2024-12-20,0.6516989423919517,0.7591250756530965,,,0.7054120090225241,127.7,5.887230514096187,111.4,-7.933884297520654,164.1,32.232070910556,10.758514246947094,-0.1763809425490925,0.7100752044502573,0.4581677473611207,0.7751471302624888,0.806599895995011,0.4301013450055949,0.3763372681027348,0.7771740896123585,0.7570686458913609,,0.7671213677518597,126.9,5.136702568351281,27.25,10.760098371777486,-0.1763550211617337,130.3,131.0,131.1,0.3079291762894565,0.5372217958557135,-0.5343511450381588,-0.0762776506483597,0.6216006216006376,0.0,129.5,2024-11-30,2024-12-01,test_B,0.2659123055162659,1,101,1,101,0.5768263347700598,0.2659123055162659,0.7100752044502573
2024-12-01,129.5,-0.2311248073959992,0.6216006216006376,2025-01-20,0.7716148322719755,0.8305431636661008,,,0.8010789979690381,127.3,6.884970612930319,111.4,-9.28338762214983,162.1,32.54292722812755,10.7569301221167,-0.176406871557655,0.8109551250261903,0.4593002428831132,0.7100752044502573,0.7751471302624888,0.4581677473611207,0.4301013450055949,0.6516989423919517,0.7591250756530965,,0.7054120090225241,127.7,5.887230514096187,32.232070910556,10.758514246947094,-0.1763809425490925,129.8,130.3,131.0,0.6982156710628518,0.3079291762894565,-0.3837298541826572,-0.5343511450381588,,,,2024-12-31,2025-01-01,test_B,0.4617604617604617,1,99,1,99,0.7061967260464717,0.4617604617604617,0.8109551250261903
